{
  "model_name": "rf",
  "model_type": "RandomForestClassifier",
  "test_samples": 2000,
  "metrics": {
    "accuracy": 0.8305,
    "precision": 0.5705394190871369,
    "recall": 0.6756756756756757,
    "f1": 0.6186726659167604,
    "roc_auc": 0.8581293157564343,
    "average_precision": 0.689796024256426
  },
  "confusion_matrix": [
    [
      1386,
      207
    ],
    [
      132,
      275
    ]
  ],
  "classification_report": {
    "Retained": {
      "precision": 0.9130434782608695,
      "recall": 0.8700564971751412,
      "f1-score": 0.8910318225650916,
      "support": 1593.0
    },
    "Churned": {
      "precision": 0.5705394190871369,
      "recall": 0.6756756756756757,
      "f1-score": 0.6186726659167604,
      "support": 407.0
    },
    "accuracy": 0.8305,
    "macro avg": {
      "precision": 0.7417914486740032,
      "recall": 0.7728660864254084,
      "f1-score": 0.754852244240926,
      "support": 2000.0
    },
    "weighted avg": {
      "precision": 0.8433439022190148,
      "recall": 0.8305,
      "f1-score": 0.8356067341871563,
      "support": 2000.0
    }
  }
}